Learning rate;L2;Accuracy;Precision;Recall;F1;Confusion matrix
6.839200546666281E-4;0.04563064200446305;0.70016;0.7169614984391259;0.66144;0.6880825565912118;0:,,Predicted Class,,,0,1,TotalActual Class,0,9236,3264,12500,1,4232,8268,12500,Total,13468,11532,
6.092354035069091E-4;0.05378640263155394;0.69896;0.6887236302929124;0.72608;0.7069086377443726;0:,,Predicted Class,,,0,1,TotalActual Class,0,8398,4102,12500,1,3424,9076,12500,Total,11822,13178,
6.374476881132031E-4;0.08786501552164964;0.5;0.0;0.0;0.0;0:,,Predicted Class,,,0,1,TotalActual Class,0,12500,0,12500,1,12500,0,12500,Total,25000,0,
9.661154030189531E-4;0.021689370828881612;0.72;0.7245998039856256;0.70976;0.7171031361138054;0:,,Predicted Class,,,0,1,TotalActual Class,0,9128,3372,12500,1,3628,8872,12500,Total,12756,12244,
5.147285597712913E-4;0.029228109399686647;0.7162;0.7133496486934554;0.72288;0.7180832041959708;0:,,Predicted Class,,,0,1,TotalActual Class,0,8869,3631,12500,1,3464,9036,12500,Total,12333,12667,
3.2149239190657766E-4;0.0710970390165913;0.5;0.5;1.0;0.6666666666666666;0:,,Predicted Class,,,0,1,TotalActual Class,0,0,12500,12500,1,0,12500,12500,Total,0,25000,
1.3224533476839613E-4;0.0409317024050747;0.71516;0.7258376018137543;0.69152;0.7082633454873203;0:,,Predicted Class,,,0,1,TotalActual Class,0,9235,3265,12500,1,3856,8644,12500,Total,13091,11909,
9.262372553585322E-5;0.09079692973583744;0.50776;0.5085583200988177;0.46112;0.4836787782159939;0:,,Predicted Class,,,0,1,TotalActual Class,0,6930,5570,12500,1,6736,5764,12500,Total,13666,11334,
6.475281651545688E-4;0.07692530904786857;0.5;0.0;0.0;0.0;0:,,Predicted Class,,,0,1,TotalActual Class,0,12500,0,12500,1,12500,0,12500,Total,25000,0,
9.563862328010182E-4;0.04788367036161108;0.71268;0.7305524239007892;0.67392;0.7010944197078772;0:,,Predicted Class,,,0,1,TotalActual Class,0,9393,3107,12500,1,4076,8424,12500,Total,13469,11531,
1.6373582641948789E-4;0.07672431965364938;0.50012;0.7142857142857143;4.0E-4;7.995522507395859E-4;0:,,Predicted Class,,,0,1,TotalActual Class,0,12498,2,12500,1,12495,5,12500,Total,24993,7,
7.131402801561076E-4;0.0945855762707044;0.5;0.0;0.0;0.0;0:,,Predicted Class,,,0,1,TotalActual Class,0,12500,0,12500,1,12500,0,12500,Total,25000,0,
6.72396116614941E-4;0.051465790797790276;0.71296;0.7076443057722309;0.72576;0.7165876777251184;0:,,Predicted Class,,,0,1,TotalActual Class,0,8752,3748,12500,1,3428,9072,12500,Total,12180,12820,
8.659076683191475E-4;0.07188933803537806;0.5;0.0;0.0;0.0;0:,,Predicted Class,,,0,1,TotalActual Class,0,12500,0,12500,1,12500,0,12500,Total,25000,0,
1.7602844076331558E-4;0.006091748669027131;0.7204;0.746245977833393;0.66792;0.7049138804457953;0:,,Predicted Class,,,0,1,TotalActual Class,0,9661,2839,12500,1,4151,8349,12500,Total,13812,11188,
8.46685432874469E-4;0.059336112591544775;0.7114;0.7277428251314315;0.67552;0.7006596689208813;0:,,Predicted Class,,,0,1,TotalActual Class,0,9341,3159,12500,1,4056,8444,12500,Total,13397,11603,
7.876362751386965E-4;0.07353951075687862;0.5;0.0;0.0;0.0;0:,,Predicted Class,,,0,1,TotalActual Class,0,12500,0,12500,1,12500,0,12500,Total,25000,0,
3.126330706750334E-4;0.008234280552008937;0.7206;0.7512986421215712;0.65952;0.7024240616878967;0:,,Predicted Class,,,0,1,TotalActual Class,0,9771,2729,12500,1,4256,8244,12500,Total,14027,10973,
5.176953311705005E-4;0.04500234759307243;0.71412;0.7116312168893809;0.72;0.7157911480494691;0:,,Predicted Class,,,0,1,TotalActual Class,0,8853,3647,12500,1,3500,9000,12500,Total,12353,12647,
2.536704838304157E-4;0.008831349621436654;0.7204;0.7497280638143582;0.66168;0.7029576746557878;0:,,Predicted Class,,,0,1,TotalActual Class,0,9739,2761,12500,1,4229,8271,12500,Total,13968,11032,
2.7572088428767837E-4;0.03344257736045603;0.71148;0.7429017734080676;0.6468;0.691528033186503;0:,,Predicted Class,,,0,1,TotalActual Class,0,9702,2798,12500,1,4415,8085,12500,Total,14117,10883,
3.4768892408966885E-4;0.06220084114119861;0.71072;0.7148450244698206;0.70112;0.7079159935379645;0:,,Predicted Class,,,0,1,TotalActual Class,0,9004,3496,12500,1,3736,8764,12500,Total,12740,12260,
3.5519958070755414E-4;0.014285602796681661;0.72036;0.7413475860860422;0.67688;0.707648559361017;0:,,Predicted Class,,,0,1,TotalActual Class,0,9548,2952,12500,1,4039,8461,12500,Total,13587,11413,
9.961277707062496E-4;0.028728134506430174;0.71836;0.7268722466960352;0.6996;0.7129754188577718;0:,,Predicted Class,,,0,1,TotalActual Class,0,9214,3286,12500,1,3755,8745,12500,Total,12969,12031,
8.72724299011167E-4;0.09195639683784976;0.5;0.0;0.0;0.0;0:,,Predicted Class,,,0,1,TotalActual Class,0,12500,0,12500,1,12500,0,12500,Total,25000,0,
6.790119607298385E-4;0.012365856693272283;0.72016;0.7120184899845917;0.73936;0.7254317111459969;0:,,Predicted Class,,,0,1,TotalActual Class,0,8762,3738,12500,1,3258,9242,12500,Total,12020,12980,
1.3535823390181014E-4;0.024854605316797243;0.71848;0.7291107382550336;0.69528;0.7117936117936119;0:,,Predicted Class,,,0,1,TotalActual Class,0,9271,3229,12500,1,3809,8691,12500,Total,13080,11920,
8.979834148143362E-4;0.026145595329283795;0.71744;0.7373799126637555;0.67544;0.7050521920668058;0:,,Predicted Class,,,0,1,TotalActual Class,0,9493,3007,12500,1,4057,8443,12500,Total,13550,11450,
5.814785884564627E-4;0.07198112846578929;0.5;0.0;0.0;0.0;0:,,Predicted Class,,,0,1,TotalActual Class,0,12500,0,12500,1,12500,0,12500,Total,25000,0,
2.908928189741479E-4;0.044840165315452145;0.71264;0.7321397379912664;0.67064;0.7000417536534447;0:,,Predicted Class,,,0,1,TotalActual Class,0,9433,3067,12500,1,4117,8383,12500,Total,13550,11450,
9.521984770519426E-4;0.06410564746424681;0.71168;0.7244274809160305;0.68328;0.7032523672293125;0:,,Predicted Class,,,0,1,TotalActual Class,0,9251,3249,12500,1,3959,8541,12500,Total,13210,11790,
5.549199855077784E-4;0.06177247269714057;0.7114;0.70652598671356;0.7232;0.7147657639849772;0:,,Predicted Class,,,0,1,TotalActual Class,0,8745,3755,12500,1,3460,9040,12500,Total,12205,12795,
5.019840408327314E-4;0.07402109179639442;0.50004;1.0;8.0E-5;1.5998720102391808E-4;0:,,Predicted Class,,,0,1,TotalActual Class,0,12500,0,12500,1,12499,1,12500,Total,24999,1,
8.715183609939472E-4;0.007055652940421714;0.72344;0.7108242753623188;0.75336;0.7314742892651857;0:,,Predicted Class,,,0,1,TotalActual Class,0,8669,3831,12500,1,3083,9417,12500,Total,11752,13248,
4.7685482111176005E-4;0.07741737514246942;0.50004;1.0;8.0E-5;1.5998720102391808E-4;0:,,Predicted Class,,,0,1,TotalActual Class,0,12500,0,12500,1,12499,1,12500,Total,24999,1,
1.8480204676340518E-4;0.0782955889629166;0.49992;0.4166666666666667;4.0E-4;7.992327365728901E-4;0:,,Predicted Class,,,0,1,TotalActual Class,0,12493,7,12500,1,12495,5,12500,Total,24988,12,
7.406915235053133E-4;0.0702038028265162;0.5;0.0;0.0;0.0;0:,,Predicted Class,,,0,1,TotalActual Class,0,12500,0,12500,1,12500,0,12500,Total,25000,0,
2.4895787469567305E-4;0.034308060026964106;0.71088;0.7456205739843459;0.64016;0.6888774104683195;0:,,Predicted Class,,,0,1,TotalActual Class,0,9770,2730,12500,1,4498,8002,12500,Total,14268,10732,
7.847330083489128E-4;0.08761495927986296;0.5;0.0;0.0;0.0;0:,,Predicted Class,,,0,1,TotalActual Class,0,12500,0,12500,1,12500,0,12500,Total,25000,0,
3.367023882474209E-5;0.0957314750965577;0.57088;0.564539627039627;0.62;0.5909714808601495;0:,,Predicted Class,,,0,1,TotalActual Class,0,6522,5978,12500,1,4750,7750,12500,Total,11272,13728,
3.099630704528E-4;0.005202913716980185;0.72128;0.7542279411764706;0.65648;0.70196749358426;0:,,Predicted Class,,,0,1,TotalActual Class,0,9826,2674,12500,1,4294,8206,12500,Total,14120,10880,
6.914970269523644E-4;0.006424066446989153;0.7262;0.7312505111638178;0.71528;0.723177093865006;0:,,Predicted Class,,,0,1,TotalActual Class,0,9214,3286,12500,1,3559,8941,12500,Total,12773,12227,
3.5553930205238016E-4;0.01883103821855316;0.71832;0.7358686257562662;0.68112;0.707436643124221;0:,,Predicted Class,,,0,1,TotalActual Class,0,9444,3056,12500,1,3986,8514,12500,Total,13430,11570,
4.368469435209041E-4;0.006544597192447862;0.72344;0.7298765432098765;0.70944;0.7195131845841785;0:,,Predicted Class,,,0,1,TotalActual Class,0,9218,3282,12500,1,3632,8868,12500,Total,12850,12150,
7.339854225978938E-4;0.06065315230483771;0.71164;0.7059235619210711;0.72552;0.7155876435081074;0:,,Predicted Class,,,0,1,TotalActual Class,0,8722,3778,12500,1,3431,9069,12500,Total,12153,12847,
2.2836910817107563E-4;0.08887862879569179;0.5;0.5;1.0;0.6666666666666666;0:,,Predicted Class,,,0,1,TotalActual Class,0,0,12500,12500,1,0,12500,12500,Total,0,25000,
2.825701130857589E-4;0.06083997413717649;0.70728;0.7382309672673777;0.64232;0.6869438740588638;0:,,Predicted Class,,,0,1,TotalActual Class,0,9653,2847,12500,1,4471,8029,12500,Total,14124,10876,
9.50619975270454E-4;2.4863684235101885E-4;0.75052;0.7386995960057932;0.77528;0.7565478746243023;0:,,Predicted Class,,,0,1,TotalActual Class,0,9072,3428,12500,1,2809,9691,12500,Total,11881,13119,
3.448789943331737E-4;0.01601411096996699;0.71884;0.7406527667810329;0.67352;0.7054929400427369;0:,,Predicted Class,,,0,1,TotalActual Class,0,9552,2948,12500,1,4081,8419,12500,Total,13633,11367,
6.835678464641925E-4;0.037209536845392834;0.716;0.7211302211302212;0.7044;0.7126669364629705;0:,,Predicted Class,,,0,1,TotalActual Class,0,9095,3405,12500,1,3695,8805,12500,Total,12790,12210,
3.3522894040227344E-4;0.026927791226955947;0.717;0.7276160107409583;0.69368;0.7102428635786542;0:,,Predicted Class,,,0,1,TotalActual Class,0,9254,3246,12500,1,3829,8671,12500,Total,13083,11917,
8.567397847151697E-4;0.02607006534585421;0.71764;0.7357656642690008;0.6792;0.7063521777112194;0:,,Predicted Class,,,0,1,TotalActual Class,0,9451,3049,12500,1,4010,8490,12500,Total,13461,11539,
1.3096576223202961E-4;0.004800598618739701;0.72056;0.7512301804264625;0.65952;0.7023941381954503;0:,,Predicted Class,,,0,1,TotalActual Class,0,9770,2730,12500,1,4256,8244,12500,Total,14026,10974,
4.90327545238197E-4;0.03787387756643813;0.715;0.7126691461581072;0.72048;0.7165532879818595;0:,,Predicted Class,,,0,1,TotalActual Class,0,8869,3631,12500,1,3494,9006,12500,Total,12363,12637,
1.378217110759841E-4;0.04190556192785766;0.71488;0.726590180529779;0.68904;0.7073170731707318;0:,,Predicted Class,,,0,1,TotalActual Class,0,9259,3241,12500,1,3887,8613,12500,Total,13146,11854,
9.051508077041259E-4;0.07727212231825487;0.5;0.0;0.0;0.0;0:,,Predicted Class,,,0,1,TotalActual Class,0,12500,0,12500,1,12500,0,12500,Total,25000,0,
8.444106454487838E-4;0.03855129882524893;0.71148;0.7454275369046514;0.64232;0.6900434016587168;0:,,Predicted Class,,,0,1,TotalActual Class,0,9758,2742,12500,1,4471,8029,12500,Total,14229,10771,
4.1885351413910267E-4;0.03607906138565494;0.71652;0.7134968841208488;0.7236;0.7185129284664574;0:,,Predicted Class,,,0,1,TotalActual Class,0,8868,3632,12500,1,3455,9045,12500,Total,12323,12677,
6.544634919953713E-5;0.06689475535318513;0.7086;0.7133622453154407;0.69744;0.7053112738157841;0:,,Predicted Class,,,0,1,TotalActual Class,0,8997,3503,12500,1,3782,8718,12500,Total,12779,12221,
4.858629325047509E-4;0.03140863306475763;0.7158;0.7103970049138133;0.72864;0.7194028671853402;0:,,Predicted Class,,,0,1,TotalActual Class,0,8787,3713,12500,1,3392,9108,12500,Total,12179,12821,
1.5365282738340135E-4;0.08678701359312416;0.49992;0.4375;5.6E-4;0.0011185682326621924;0:,,Predicted Class,,,0,1,TotalActual Class,0,12491,9,12500,1,12493,7,12500,Total,24984,16,
6.810070163728956E-4;0.01719281323300496;0.71968;0.7109711124769514;0.74032;0.7253488007524691;0:,,Predicted Class,,,0,1,TotalActual Class,0,8738,3762,12500,1,3246,9254,12500,Total,11984,13016,
5.658959139711494E-5;0.08038366651210353;0.5594;0.5533596837944664;0.616;0.5830020821502934;0:,,Predicted Class,,,0,1,TotalActual Class,0,6285,6215,12500,1,4800,7700,12500,Total,11085,13915,
1.6383213439911164E-4;0.09054812826445166;0.49988;0.42857142857142855;7.2E-4;0.0014375848574395018;0:,,Predicted Class,,,0,1,TotalActual Class,0,12488,12,12500,1,12491,9,12500,Total,24979,21,
7.430882360063393E-4;0.031652973546534825;0.7168;0.7262103505843072;0.696;0.7107843137254901;0:,,Predicted Class,,,0,1,TotalActual Class,0,9220,3280,12500,1,3800,8700,12500,Total,13020,11980,
5.803587836763859E-4;0.05641784087348659;0.71156;0.7047936188337335;0.72808;0.7162475898162357;0:,,Predicted Class,,,0,1,TotalActual Class,0,8688,3812,12500,1,3399,9101,12500,Total,12087,12913,
4.905461058296824E-4;0.014683289771145362;0.72092;0.7233681145353069;0.71544;0.7193822145356553;0:,,Predicted Class,,,0,1,TotalActual Class,0,9080,3420,12500,1,3557,8943,12500,Total,12637,12363,
2.320142915244197E-4;0.07539451427282828;0.5;0.5;1.0;0.6666666666666666;0:,,Predicted Class,,,0,1,TotalActual Class,0,0,12500,12500,1,0,12500,12500,Total,0,25000,
1.7427194845687512E-4;0.0854739519141383;0.49996;0.47368421052631576;7.2E-4;0.0014378145219266715;0:,,Predicted Class,,,0,1,TotalActual Class,0,12490,10,12500,1,12491,9,12500,Total,24981,19,
5.022742728558383E-6;0.004571183289352592;0.69352;0.6918623096446701;0.69784;0.6948382985502629;0:,,Predicted Class,,,0,1,TotalActual Class,0,8615,3885,12500,1,3777,8723,12500,Total,12392,12608,
1.4591021363243836E-6;0.020167086023101664;0.61904;0.6010594947025265;0.708;0.6501616220981488;0:,,Predicted Class,,,0,1,TotalActual Class,0,6626,5874,12500,1,3650,8850,12500,Total,10276,14724,
2.7396217813989223E-5;5.912784450617462E-4;0.72296;0.7515797075284347;0.66608;0.7062515904656884;0:,,Predicted Class,,,0,1,TotalActual Class,0,9748,2752,12500,1,4174,8326,12500,Total,13922,11078,
1.739822116205376E-5;0.0011308074188562647;0.72148;0.7370088177382074;0.68872;0.7120466481948639;0:,,Predicted Class,,,0,1,TotalActual Class,0,9428,3072,12500,1,3891,8609,12500,Total,13319,11681,
8.089691669562564E-7;0.041459662254956314;0.5524;0.5498023114355232;0.57848;0.5637767035708717;0:,,Predicted Class,,,0,1,TotalActual Class,0,6579,5921,12500,1,5269,7231,12500,Total,11848,13152,
5.151172956996919E-4;0.001982392890661958;0.73632;0.7448607427055703;0.71888;0.7316397980784889;0:,,Predicted Class,,,0,1,TotalActual Class,0,9422,3078,12500,1,3514,8986,12500,Total,12936,12064,
4.034893690379066E-8;0.0010878173294364543;0.50616;0.5119195046439629;0.26456;0.3488396624472574;0:,,Predicted Class,,,0,1,TotalActual Class,0,9347,3153,12500,1,9193,3307,12500,Total,18540,6460,
0.007659074900005677;3.456098814442667E-5;0.74892;0.7488602735343518;0.74904;0.7489501259848819;0:,,Predicted Class,,,0,1,TotalActual Class,0,9360,3140,12500,1,3137,9363,12500,Total,12497,12503,
5.750928191745513E-5;5.199381723521796E-4;0.72492;0.772828723920427;0.63712;0.6984433238324929;0:,,Predicted Class,,,0,1,TotalActual Class,0,10159,2341,12500,1,4536,7964,12500,Total,14695,10305,
3.740350499113629E-8;3.408322118611192E-5;0.5058;0.5114047506685544;0.26008;0.3448056424669884;0:,,Predicted Class,,,0,1,TotalActual Class,0,9394,3106,12500,1,9249,3251,12500,Total,18643,6357,
2.586160413828407E-8;5.060276434956808E-5;0.50216;0.5049180327868853;0.22176;0.30817120622568095;0:,,Predicted Class,,,0,1,TotalActual Class,0,9782,2718,12500,1,9728,2772,12500,Total,19510,5490,
1.6803032517993483E-7;0.008434713798024672;0.53512;0.5389806428698277;0.4856;0.5108997559128019;0:,,Predicted Class,,,0,1,TotalActual Class,0,7308,5192,12500,1,6430,6070,12500,Total,13738,11262,
3.504563415434353E-7;0.013084916794900012;0.55648;0.5513006830402558;0.60696;0.5777930089102126;0:,,Predicted Class,,,0,1,TotalActual Class,0,6325,6175,12500,1,4913,7587,12500,Total,11238,13762,
4.908771874389128E-8;0.03445996238719147;0.4988;0.4968982630272953;0.19224;0.2772265805260729;0:,,Predicted Class,,,0,1,TotalActual Class,0,10067,2433,12500,1,10097,2403,12500,Total,20164,4836,
5.1392201794587176E-5;0.0033255046219371085;0.72056;0.7517808219178083;0.65856;0.7020895522388061;0:,,Predicted Class,,,0,1,TotalActual Class,0,9782,2718,12500,1,4268,8232,12500,Total,14050,10950,
8.314868023485027E-6;2.212980589964353E-4;0.70828;0.7080636138416048;0.7088;0.7084316155599087;0:,,Predicted Class,,,0,1,TotalActual Class,0,8847,3653,12500,1,3640,8860,12500,Total,12487,12513,
1.3878492741606566E-7;0.01325472279241003;0.51784;0.524602824360106;0.3804;0.44101279910962715;0:,,Predicted Class,,,0,1,TotalActual Class,0,8191,4309,12500,1,7745,4755,12500,Total,15936,9064,
9.137534738428314E-8;1.3777539782572215E-4;0.53112;0.5378257487359004;0.44248;0.48551615168539325;0:,,Predicted Class,,,0,1,TotalActual Class,0,7747,4753,12500,1,6969,5531,12500,Total,14716,10284,
0.008744815406308502;0.010895974531520103;0.5;0.5;1.0;0.6666666666666666;0:,,Predicted Class,,,0,1,TotalActual Class,0,0,12500,12500,1,0,12500,12500,Total,0,25000,
5.297844319532768E-4;0.0011457255493443556;0.74172;0.7504766641797231;0.72424;0.7371249440214958;0:,,Predicted Class,,,0,1,TotalActual Class,0,9490,3010,12500,1,3447,9053,12500,Total,12937,12063,
6.056599725506296E-7;0.012840602034216967;0.58736;0.571861016056857;0.6952;0.627527440785673;0:,,Predicted Class,,,0,1,TotalActual Class,0,5994,6506,12500,1,3810,8690,12500,Total,9804,15196,
0.008544816913166088;4.728465508206205E-4;0.7412;0.780048300204347;0.67184;0.7219118026304479;0:,,Predicted Class,,,0,1,TotalActual Class,0,10132,2368,12500,1,4102,8398,12500,Total,14234,10766,
1.3377550699767083E-6;0.04588708238994876;0.57404;0.5668955547524395;0.62744;0.5956331877729257;0:,,Predicted Class,,,0,1,TotalActual Class,0,6508,5992,12500,1,4657,7843,12500,Total,11165,13835,
0.003297795727288209;1.3441434595923716E-4;0.7508;0.7362471740768651;0.7816;0.7582460225067909;0:,,Predicted Class,,,0,1,TotalActual Class,0,9000,3500,12500,1,2730,9770,12500,Total,11730,13270,
2.011645241750978E-8;0.0010101791381144393;0.50084;0.5020787962779648;0.20288;0.2889863825423053;0:,,Predicted Class,,,0,1,TotalActual Class,0,9985,2515,12500,1,9964,2536,12500,Total,19949,5051,
7.006362861082277E-4;3.667572540190929E-5;0.74756;0.7476987112783159;0.74728;0.7474892970031609;0:,,Predicted Class,,,0,1,TotalActual Class,0,9348,3152,12500,1,3159,9341,12500,Total,12507,12493,
5.6088981913595355E-6;6.435598058519732E-4;0.70052;0.7013738250180767;0.6984;0.699883753557542;0:,,Predicted Class,,,0,1,TotalActual Class,0,8783,3717,12500,1,3770,8730,12500,Total,12553,12447,
1.3937302347610762E-4;0.04942481446780999;0.71384;0.7270642201834863;0.68472;0.7052570863546473;0:,,Predicted Class,,,0,1,TotalActual Class,0,9287,3213,12500,1,3941,8559,12500,Total,13228,11772,
8.476646674494303E-6;1.015538832452814E-4;0.70944;0.7088718685176321;0.7108;0.7098346249101223;0:,,Predicted Class,,,0,1,TotalActual Class,0,8851,3649,12500,1,3615,8885,12500,Total,12466,12534,
1.5715173888644841E-7;1.3985547458386077E-4;0.5534;0.5488760342681409;0.59968;0.5731544137324617;0:,,Predicted Class,,,0,1,TotalActual Class,0,6339,6161,12500,1,5004,7496,12500,Total,11343,13657,
4.06681396311777E-6;0.013840681696392952;0.68028;0.676842187867849;0.69;0.683357762548033;0:,,Predicted Class,,,0,1,TotalActual Class,0,8382,4118,12500,1,3875,8625,12500,Total,12257,12743,
2.994737295822751E-7;0.004064580285187342;0.57528;0.5609534913848944;0.6928;0.619944162073162;0:,,Predicted Class,,,0,1,TotalActual Class,0,5722,6778,12500,1,3840,8660,12500,Total,9562,15438,
6.0272369099908E-7;4.949796362804846E-4;0.62224;0.5994921213699701;0.73656;0.6609950463062675;0:,,Predicted Class,,,0,1,TotalActual Class,0,6349,6151,12500,1,3293,9207,12500,Total,9642,15358,
0.007030124552999314;2.2528856385367153E-5;0.73516;0.7404105667784412;0.72424;0.7322360173090143;0:,,Predicted Class,,,0,1,TotalActual Class,0,9326,3174,12500,1,3447,9053,12500,Total,12773,12227,
0.0019518174524612926;0.008649461399341946;0.70856;0.8040587823652904;0.55152;0.6542659200911076;0:,,Predicted Class,,,0,1,TotalActual Class,0,10820,1680,12500,1,5606,6894,12500,Total,16426,8574,
3.226107441547156E-4;0.025923796548870604;0.71588;0.7363994743758213;0.67248;0.7029897553836505;0:,,Predicted Class,,,0,1,TotalActual Class,0,9491,3009,12500,1,4094,8406,12500,Total,13585,11415,
3.933371366216843E-8;0.08674760144157964;0.49572;0.48750875554517864;0.16704;0.24882321396651372;0:,,Predicted Class,,,0,1,TotalActual Class,0,10305,2195,12500,1,10412,2088,12500,Total,20717,4283,
0.001492737578560453;0.0018741390612542225;0.74192;0.753563642461848;0.71896;0.7358552362236962;0:,,Predicted Class,,,0,1,TotalActual Class,0,9561,2939,12500,1,3513,8987,12500,Total,13074,11926,
5.001253605217563E-6;0.09381781215118873;0.59168;0.5844385499557914;0.63456;0.6084688554771402;0:,,Predicted Class,,,0,1,TotalActual Class,0,6860,5640,12500,1,4568,7932,12500,Total,11428,13572,
1.7339846316700496E-8;0.01799456621946749;0.4962;0.4889096427737567;0.16752;0.24953822320204969;0:,,Predicted Class,,,0,1,TotalActual Class,0,10311,2189,12500,1,10406,2094,12500,Total,20717,4283,
0.004707087704732532;1.7054140839284967E-5;0.7342;0.7013272814799533;0.81584;0.7542620465219482;0:,,Predicted Class,,,0,1,TotalActual Class,0,8157,4343,12500,1,2302,10198,12500,Total,10459,14541,
0.0019547870220222928;7.572552209065226E-5;0.7532;0.787100870827286;0.69416;0.7377146743751063;0:,,Predicted Class,,,0,1,TotalActual Class,0,10153,2347,12500,1,3823,8677,12500,Total,13976,11024,
4.452928609741066E-7;6.877196067131695E-5;0.60644;0.5829023615178516;0.7484;0.655364461101965;0:,,Predicted Class,,,0,1,TotalActual Class,0,5806,6694,12500,1,3145,9355,12500,Total,8951,16049,
1.8332987209315561E-6;0.0239342175928603;0.6236;0.6066547010907083;0.70304;0.6513006744237754;0:,,Predicted Class,,,0,1,TotalActual Class,0,6802,5698,12500,1,3712,8788,12500,Total,10514,14486,
9.401168992785505E-6;7.878232905869693E-4;0.71064;0.7119967793880837;0.70744;0.7097110754414125;0:,,Predicted Class,,,0,1,TotalActual Class,0,8923,3577,12500,1,3657,8843,12500,Total,12580,12420,
1.0509057408252482E-7;0.0021128468982555266;0.53252;0.5384251819642688;0.45568;0.49360890853156547;0:,,Predicted Class,,,0,1,TotalActual Class,0,7617,4883,12500,1,6804,5696,12500,Total,14421,10579,
1.4879796419940742E-8;7.824959311412342E-4;0.49952;0.49872665534804755;0.188;0.27306530327678363;0:,,Predicted Class,,,0,1,TotalActual Class,0,10138,2362,12500,1,10150,2350,12500,Total,20288,4712,
1.6954037543037786E-6;0.001287732601384424;0.66544;0.6657051282051282;0.66464;0.6651721377101681;0:,,Predicted Class,,,0,1,TotalActual Class,0,8328,4172,12500,1,4192,8308,12500,Total,12520,12480,
2.806966134277952E-5;3.3235376495280505E-5;0.72364;0.7571047548974524;0.65856;0.7044025157232704;0:,,Predicted Class,,,0,1,TotalActual Class,0,9859,2641,12500,1,4268,8232,12500,Total,14127,10873,
6.252135615301032E-8;0.008385284725820672;0.5064;0.5118413262285376;0.27664;0.3591607810552555;0:,,Predicted Class,,,0,1,TotalActual Class,0,9202,3298,12500,1,9042,3458,12500,Total,18244,6756,
5.125393082171117E-5;0.01599693702594823;0.719;0.7305263157894737;0.694;0.7117948717948718;0:,,Predicted Class,,,0,1,TotalActual Class,0,9300,3200,12500,1,3825,8675,12500,Total,13125,11875,
3.768081528927909E-4;0.009229474914699299;0.72212;0.7456427497124657;0.67424;0.7081460320127715;0:,,Predicted Class,,,0,1,TotalActual Class,0,9625,2875,12500,1,4072,8428,12500,Total,13697,11303,
2.647151884292706E-6;0.016404312267344553;0.65748;0.655502014377123;0.66384;0.6596446599626377;0:,,Predicted Class,,,0,1,TotalActual Class,0,8139,4361,12500,1,4202,8298,12500,Total,12341,12659,
8.864220087312754E-7;7.456250379175198E-4;0.63812;0.6222647121308689;0.70296;0.6601555163217009;0:,,Predicted Class,,,0,1,TotalActual Class,0,7166,5334,12500,1,3713,8787,12500,Total,10879,14121,
1.6273630574412146E-8;0.001737154288100336;0.49956;0.49884332281808624;0.18976;0.27493480150680966;0:,,Predicted Class,,,0,1,TotalActual Class,0,10117,2383,12500,1,10128,2372,12500,Total,20245,4755,
1.6898513168227243E-8;3.128820925859122E-5;0.50016;0.5004101722723544;0.1952;0.28084714548802947;0:,,Predicted Class,,,0,1,TotalActual Class,0,10064,2436,12500,1,10060,2440,12500,Total,20124,4876,
1.7106555497687198E-7;0.05191183129183757;0.50356;0.5065994364526175;0.27328;0.35503819570753;0:,,Predicted Class,,,0,1,TotalActual Class,0,9173,3327,12500,1,9084,3416,12500,Total,18257,6743,
0.0010025825006043404;2.3264926599715939E-4;0.75036;0.7441298073172634;0.76312;0.7535052727200916;0:,,Predicted Class,,,0,1,TotalActual Class,0,9220,3280,12500,1,2961,9539,12500,Total,12181,12819,
8.089426104001628E-6;0.007702799077309756;0.70244;0.7047495752083502;0.6968;0.7007522426485379;0:,,Predicted Class,,,0,1,TotalActual Class,0,8851,3649,12500,1,3790,8710,12500,Total,12641,12359,
3.2688169513090956E-7;0.001110565491235296;0.58556;0.5666313625319295;0.7276;0.6371055304542748;0:,,Predicted Class,,,0,1,TotalActual Class,0,5544,6956,12500,1,3405,9095,12500,Total,8949,16051,
0.006875249163734146;0.03434846803182059;0.5;0.5;1.0;0.6666666666666666;0:,,Predicted Class,,,0,1,TotalActual Class,0,0,12500,12500,1,0,12500,12500,Total,0,25000,
5.144352888424214E-8;0.0067435942027062375;0.50528;0.5103351080488568;0.26072;0.3451233718098062;0:,,Predicted Class,,,0,1,TotalActual Class,0,9373,3127,12500,1,9241,3259,12500,Total,18614,6386,
0.0049259285812404425;8.710305310446196E-4;0.75092;0.7892649635709674;0.68464;0.7332390866640962;0:,,Predicted Class,,,0,1,TotalActual Class,0,10215,2285,12500,1,3942,8558,12500,Total,14157,10843,
1.3885189803068207E-8;6.198817953265588E-4;0.49916;0.49774436090225566;0.18536;0.27012532789274263;0:,,Predicted Class,,,0,1,TotalActual Class,0,10162,2338,12500,1,10183,2317,12500,Total,20345,4655,
3.253482577073467E-5;0.013504537018009447;0.719;0.7306039929239323;0.69384;0.7117475688318083;0:,,Predicted Class,,,0,1,TotalActual Class,0,9302,3198,12500,1,3827,8673,12500,Total,13129,11871,
0.0015044408524200288;1.2336153380891894E-4;0.75096;0.7503991060025543;0.75208;0.7512386127537158;0:,,Predicted Class,,,0,1,TotalActual Class,0,9373,3127,12500,1,3099,9401,12500,Total,12472,12528,
1.1137267546500815E-4;0.03282169990207545;0.71616;0.7236754966887418;0.69936;0.7113100081366965;0:,,Predicted Class,,,0,1,TotalActual Class,0,9162,3338,12500,1,3758,8742,12500,Total,12920,12080,
0.002011015916215205;4.8207809504141917E-4;0.75032;0.7372971333232216;0.77776;0.7569882426224402;0:,,Predicted Class,,,0,1,TotalActual Class,0,9036,3464,12500,1,2778,9722,12500,Total,11814,13186,
9.291497158042881E-8;1.0510080446705669E-5;0.53216;0.5386241352805534;0.44848;0.4894360048891217;0:,,Predicted Class,,,0,1,TotalActual Class,0,7698,4802,12500,1,6894,5606,12500,Total,14592,10408,
4.916457446889696E-7;8.843309351262428E-5;0.61148;0.5878237852145963;0.74616;0.6575950928896253;0:,,Predicted Class,,,0,1,TotalActual Class,0,5960,6540,12500,1,3173,9327,12500,Total,9133,15867,
9.99821109125609E-5;0.034827490978440644;0.71596;0.7224923761641804;0.70128;0.7117281695286811;0:,,Predicted Class,,,0,1,TotalActual Class,0,9133,3367,12500,1,3734,8766,12500,Total,12867,12133,
4.119783068748697E-5;0.0011562581886852019;0.72328;0.7604516610675626;0.65192;0.7020158511371468;0:,,Predicted Class,,,0,1,TotalActual Class,0,9933,2567,12500,1,4351,8149,12500,Total,14284,10716,
1.1820428088139582E-8;0.026851196440251485;0.49512;0.48491592482690404;0.15688;0.23706479690522242;0:,,Predicted Class,,,0,1,TotalActual Class,0,10417,2083,12500,1,10539,1961,12500,Total,20956,4044,
1.3777812806805327E-7;2.4443296864682903E-4;0.54628;0.5449320388349514;0.56128;0.5529852216748768;0:,,Predicted Class,,,0,1,TotalActual Class,0,6641,5859,12500,1,5484,7016,12500,Total,12125,12875,
5.3385693386997204E-5;0.0018956751419961391;0.722;0.7631329413995828;0.64384;0.6984292284995226;0:,,Predicted Class,,,0,1,TotalActual Class,0,10002,2498,12500,1,4452,8048,12500,Total,14454,10546,
3.2140617691373157E-7;0.001059969493290077;0.58496;0.5662094763092269;0.72656;0.6364400840925016;0:,,Predicted Class,,,0,1,TotalActual Class,0,5542,6958,12500,1,3418,9082,12500,Total,8960,16040,
2.5424595830810193E-7;5.4763246885147414E-5;0.57856;0.5621912602913236;0.71016;0.6275715800636268;0:,,Predicted Class,,,0,1,TotalActual Class,0,5587,6913,12500,1,3623,8877,12500,Total,9210,15790,
2.0832326507917894E-5;2.264473940104456E-4;0.72172;0.7472566687483272;0.67008;0.7065671264076933;0:,,Predicted Class,,,0,1,TotalActual Class,0,9667,2833,12500,1,4124,8376,12500,Total,13791,11209,
2.909649043309095E-8;1.4437117997429023E-5;0.50252;0.5055002619172342;0.2316;0.31766061337576124;0:,,Predicted Class,,,0,1,TotalActual Class,0,9668,2832,12500,1,9605,2895,12500,Total,19273,5727,
1.3196572641140551E-6;5.379126805578855E-5;0.65872;0.6588470776621297;0.65832;0.6585834333733495;0:,,Predicted Class,,,0,1,TotalActual Class,0,8239,4261,12500,1,4271,8229,12500,Total,12510,12490,
5.575739016964533E-7;0.038900209660944214;0.5398;0.5409363943059327;0.52592;0.5333225165294284;0:,,Predicted Class,,,0,1,TotalActual Class,0,6921,5579,12500,1,5926,6574,12500,Total,12847,12153,
5.249947480262831E-6;2.8275060065415127E-4;0.69956;0.6998637929653073;0.6988;0.6993314919338698;0:,,Predicted Class,,,0,1,TotalActual Class,0,8754,3746,12500,1,3765,8735,12500,Total,12519,12481,
1.1820832290935918E-4;0.003681589919465841;0.72172;0.7551790811159194;0.65616;0.7021959676383717;0:,,Predicted Class,,,0,1,TotalActual Class,0,9841,2659,12500,1,4298,8202,12500,Total,14139,10861,
5.161690958726729E-5;8.742237751802888E-4;0.7244;0.7685752585216392;0.64216;0.6997036262203626;0:,,Predicted Class,,,0,1,TotalActual Class,0,10083,2417,12500,1,4473,8027,12500,Total,14556,10444,
1.210004605937228E-5;5.3386861576037145E-5;0.71796;0.7276297100843847;0.69672;0.7118394703502392;0:,,Predicted Class,,,0,1,TotalActual Class,0,9240,3260,12500,1,3791,8709,12500,Total,13031,11969,
1.5015313347997748E-7;1.828272420423484E-5;0.55156;0.5479503013168663;0.5892;0.5678269920203539;0:,,Predicted Class,,,0,1,TotalActual Class,0,6424,6076,12500,1,5135,7365,12500,Total,11559,13441,
7.171086996129589E-6;0.017277246273932772;0.6938;0.6930125089634293;0.69584;0.694423376312323;0:,,Predicted Class,,,0,1,TotalActual Class,0,8647,3853,12500,1,3802,8698,12500,Total,12449,12551,
1.8206295447964035E-6;2.3504047759137987E-5;0.67128;0.6712525995840666;0.67136;0.6713062954963602;0:,,Predicted Class,,,0,1,TotalActual Class,0,8390,4110,12500,1,4108,8392,12500,Total,12498,12502,
1.0103875629356686E-5;2.1161992519230736E-5;0.71464;0.716930789133247;0.70936;0.713125301592408;0:,,Predicted Class,,,0,1,TotalActual Class,0,8999,3501,12500,1,3633,8867,12500,Total,12632,12368,
4.914055009400368E-6;1.162398527599331E-5;0.69832;0.6980348298450232;0.69904;0.6985370533216084;0:,,Predicted Class,,,0,1,TotalActual Class,0,8720,3780,12500,1,3762,8738,12500,Total,12482,12518,
2.400628843468945E-6;0.006264577560740289;0.67088;0.6690140845070423;0.6764;0.6726867690349273;0:,,Predicted Class,,,0,1,TotalActual Class,0,8317,4183,12500,1,4045,8455,12500,Total,12362,12638,
1.3338780521107348E-6;2.35543654721138E-5;0.6586;0.6588414389872607;0.65784;0.6583403386573795;0:,,Predicted Class,,,0,1,TotalActual Class,0,8242,4258,12500,1,4277,8223,12500,Total,12519,12481,
2.42154480329525E-7;0.009140144306093986;0.54824;0.5459393570013713;0.57328;0.5592757355810505;0:,,Predicted Class,,,0,1,TotalActual Class,0,6540,5960,12500,1,5334,7166,12500,Total,11874,13126,
0.004875984886523286;0.015638288754506728;0.5;0.5;1.0;0.6666666666666666;0:,,Predicted Class,,,0,1,TotalActual Class,0,0,12500,12500,1,0,12500,12500,Total,0,25000,
7.294844930092242E-5;0.007442366080229911;0.72252;0.7313097713097713;0.70352;0.7171457696228338;0:,,Predicted Class,,,0,1,TotalActual Class,0,9269,3231,12500,1,3706,8794,12500,Total,12975,12025,
0.007007898391507343;0.002184529308351624;0.74716;0.7805830533103261;0.6876;0.7311471226234528;0:,,Predicted Class,,,0,1,TotalActual Class,0,10084,2416,12500,1,3905,8595,12500,Total,13989,11011,
6.371046136318009E-8;1.1980344727753335E-5;0.51668;0.5248184739911915;0.35272;0.42189368929716276;0:,,Predicted Class,,,0,1,TotalActual Class,0,8508,3992,12500,1,8091,4409,12500,Total,16599,8401,
0.006383566492370903;0.005583843948874172;0.50012;0.7142857142857143;4.0E-4;7.995522507395859E-4;0:,,Predicted Class,,,0,1,TotalActual Class,0,12498,2,12500,1,12495,5,12500,Total,24993,7,
0.002827475382102086;7.258436766895398E-5;0.75568;0.786431260082452;0.702;0.7418209485163582;0:,,Predicted Class,,,0,1,TotalActual Class,0,10117,2383,12500,1,3725,8775,12500,Total,13842,11158,
0.004516377007152143;6.339261998093395E-4;0.75016;0.798093422306959;0.66976;0.728316659417138;0:,,Predicted Class,,,0,1,TotalActual Class,0,10382,2118,12500,1,4128,8372,12500,Total,14510,10490,
0.0010835334374073365;6.764861272449913E-4;0.74752;0.7515038205169892;0.7396;0.7455043948068704;0:,,Predicted Class,,,0,1,TotalActual Class,0,9443,3057,12500,1,3255,9245,12500,Total,12698,12302,
0.006209696695091563;0.0019786617570606477;0.74784;0.7665175498967653;0.7128;0.7386834687448184;0:,,Predicted Class,,,0,1,TotalActual Class,0,9786,2714,12500,1,3590,8910,12500,Total,13376,11624,
0.0025159462488154156;6.661324483074943E-4;0.74948;0.7450302506482281;0.75856;0.7517342529829151;0:,,Predicted Class,,,0,1,TotalActual Class,0,9255,3245,12500,1,3018,9482,12500,Total,12273,12727,
0.0010765017412062252;5.794664230229731E-4;0.74872;0.74872;0.74872;0.74872;0:,,Predicted Class,,,0,1,TotalActual Class,0,9359,3141,12500,1,3141,9359,12500,Total,12500,12500,
0.0093233101303164;0.001278328307204023;0.74648;0.778169014084507;0.68952;0.7311672887682389;0:,,Predicted Class,,,0,1,TotalActual Class,0,10043,2457,12500,1,3881,8619,12500,Total,13924,11076,
0.003970577159038632;0.008683025037124434;0.72232;0.7885773624091381;0.60752;0.6863081789426119;0:,,Predicted Class,,,0,1,TotalActual Class,0,10464,2036,12500,1,4906,7594,12500,Total,15370,9630,
0.0010810121668968968;8.826137262356079E-4;0.74512;0.7386292834890966;0.75872;0.7485398579321232;0:,,Predicted Class,,,0,1,TotalActual Class,0,9144,3356,12500,1,3016,9484,12500,Total,12160,12840,
0.002296425840049051;5.722055724248174E-4;0.74892;0.7309776557048474;0.78776;0.7583073428054368;0:,,Predicted Class,,,0,1,TotalActual Class,0,8876,3624,12500,1,2653,9847,12500,Total,11529,13471,
0.0024646640610037087;0.005736048325383855;0.72316;0.7949043239243049;0.60152;0.6848217131927684;0:,,Predicted Class,,,0,1,TotalActual Class,0,10560,1940,12500,1,4981,7519,12500,Total,15541,9459,
0.003800402709635268;2.2665395407250464E-5;0.74164;0.7802207997031264;0.6728;0.722539627990893;0:,,Predicted Class,,,0,1,TotalActual Class,0,10131,2369,12500,1,4090,8410,12500,Total,14221,10779,
0.001512905383525858;3.831993994587447E-4;0.75208;0.7402409271119244;0.77672;0.7580418488444722;0:,,Predicted Class,,,0,1,TotalActual Class,0,9093,3407,12500,1,2791,9709,12500,Total,11884,13116,
0.007869972955695706;0.001434039364347554;0.74556;0.7760589981113409;0.69032;0.7306829247639612;0:,,Predicted Class,,,0,1,TotalActual Class,0,10010,2490,12500,1,3871,8629,12500,Total,13881,11119,
0.002736122563939517;0.0031425799719950564;0.7378;0.7657577112203845;0.6852;0.7232425585813806;0:,,Predicted Class,,,0,1,TotalActual Class,0,9880,2620,12500,1,3935,8565,12500,Total,13815,11185,
0.002653797316505681;3.2891058842210036E-5;0.7512;0.7455811043328641;0.76264;0.7540140789369613;0:,,Predicted Class,,,0,1,TotalActual Class,0,9247,3253,12500,1,2967,9533,12500,Total,12214,12786,
0.004369072163843786;0.0027764283245680045;0.74024;0.7728015988372093;0.68056;0.7237536157903693;0:,,Predicted Class,,,0,1,TotalActual Class,0,9999,2501,12500,1,3993,8507,12500,Total,13992,11008,
0.009441310713040099;0.002229393497835256;0.73936;0.7898663049796552;0.65224;0.7144860222592236;0:,,Predicted Class,,,0,1,TotalActual Class,0,10331,2169,12500,1,4347,8153,12500,Total,14678,10322,
0.008060040380595749;6.162558662883783E-5;0.74888;0.7294924756565359;0.79112;0.7590574147988947;0:,,Predicted Class,,,0,1,TotalActual Class,0,8833,3667,12500,1,2611,9889,12500,Total,11444,13556,
0.0028236868911416415;0.0033529086717994207;0.73556;0.7821753713464303;0.65296;0.7117505995203837;0:,,Predicted Class,,,0,1,TotalActual Class,0,10227,2273,12500,1,4338,8162,12500,Total,14565,10435,
0.003911309167480717;1.4010234067879984E-4;0.7508;0.7355371900826446;0.7832;0.7586206896551725;0:,,Predicted Class,,,0,1,TotalActual Class,0,8980,3520,12500,1,2710,9790,12500,Total,11690,13310,
0.0054747632697245445;0.007971244077017572;0.73044;0.7918735434187861;0.6252;0.6987348562743082;0:,,Predicted Class,,,0,1,TotalActual Class,0,10446,2054,12500,1,4685,7815,12500,Total,15131,9869,
0.006274059250552539;7.3433936938797E-4;0.75328;0.7713869363963655;0.71992;0.7447653728378714;0:,,Predicted Class,,,0,1,TotalActual Class,0,9833,2667,12500,1,3501,8999,12500,Total,13334,11666,
0.00495688177540175;3.4494991447558444E-4;0.75332;0.73618259118371;0.7896;0.7619562280464738;0:,,Predicted Class,,,0,1,TotalActual Class,0,8963,3537,12500,1,2630,9870,12500,Total,11593,13407,
0.007527325608686794;0.004120986768560276;0.74132;0.7808920756122544;0.67088;0.721717801970825;0:,,Predicted Class,,,0,1,TotalActual Class,0,10147,2353,12500,1,4114,8386,12500,Total,14261,10739,
0.003947550317377879;4.0790065541616284E-5;0.75584;0.7494929006085193;0.76856;0.7589067066908918;0:,,Predicted Class,,,0,1,TotalActual Class,0,9289,3211,12500,1,2893,9607,12500,Total,12182,12818,
0.0015639233292390135;1.2582978548031883E-5;0.74796;0.7419782965102663;0.76032;0.7510371804496424;0:,,Predicted Class,,,0,1,TotalActual Class,0,9195,3305,12500,1,2996,9504,12500,Total,12191,12809,
0.009927135199833311;8.630144014774225E-4;0.50052;0.782608695652174;0.00144;0.0028747105326199793;0:,,Predicted Class,,,0,1,TotalActual Class,0,12495,5,12500,1,12482,18,12500,Total,24977,23,
0.0017447706486790227;4.3574984456840195E-4;0.74912;0.7331187303488547;0.78344;0.7574445046020576;0:,,Predicted Class,,,0,1,TotalActual Class,0,8935,3565,12500,1,2707,9793,12500,Total,11642,13358,
0.004229603570463202;0.0056443693826167905;0.71884;0.8102529204944993;0.57152;0.6702631702397148;0:,,Predicted Class,,,0,1,TotalActual Class,0,10827,1673,12500,1,5356,7144,12500,Total,16183,8817,
0.0024477612142792217;2.352307506060623E-4;0.75248;0.7464469779790723;0.76472;0.755473010353276;0:,,Predicted Class,,,0,1,TotalActual Class,0,9253,3247,12500,1,2941,9559,12500,Total,12194,12806,
0.0010730855491639054;4.653586710614252E-5;0.74912;0.7401295496607033;0.76784;0.7537301711952253;0:,,Predicted Class,,,0,1,TotalActual Class,0,9130,3370,12500,1,2902,9598,12500,Total,12032,12968,
0.007660252724892273;1.01686659659633E-5;0.7462;0.7405612444305479;0.75792;0.7491400782825287;0:,,Predicted Class,,,0,1,TotalActual Class,0,9181,3319,12500,1,3026,9474,12500,Total,12207,12793,
0.009734522727725427;9.244902392446338E-5;0.73708;0.7717062436967085;0.67336;0.7191865681206476;0:,,Predicted Class,,,0,1,TotalActual Class,0,10010,2490,12500,1,4083,8417,12500,Total,14093,10907,
0.0016663287374677222;2.1540684391004176E-5;0.75028;0.7404873549081405;0.77064;0.7552628484064449;0:,,Predicted Class,,,0,1,TotalActual Class,0,9124,3376,12500,1,2867,9633,12500,Total,11991,13009,
0.0010344228721185448;8.580789906671655E-4;0.74812;0.7473877323123554;0.7496;0.748492231497384;0:,,Predicted Class,,,0,1,TotalActual Class,0,9333,3167,12500,1,3130,9370,12500,Total,12463,12537,
0.0013482555350444025;0.0033513037610848014;0.73672;0.7452751989389921;0.71928;0.7320468978993648;0:,,Predicted Class,,,0,1,TotalActual Class,0,9427,3073,12500,1,3509,8991,12500,Total,12936,12064,
0.004971080193651649;0.008003075186436058;0.73296;0.7775447960350743;0.65264;0.7096381350034794;0:,,Predicted Class,,,0,1,TotalActual Class,0,10166,2334,12500,1,4342,8158,12500,Total,14508,10492,
0.0069448592934775975;4.190541416382289E-4;0.50996;0.7797752808988764;0.02776;0.05361143298570877;0:,,Predicted Class,,,0,1,TotalActual Class,0,12402,98,12500,1,12153,347,12500,Total,24555,445,
0.0011753686645053804;2.2346450021016608E-4;0.74668;0.7314418674472717;0.7796;0.7547535143089493;0:,,Predicted Class,,,0,1,TotalActual Class,0,8922,3578,12500,1,2755,9745,12500,Total,11677,13323,
0.004340886917316883;7.2206898947892E-4;0.75176;0.757866273352999;0.73992;0.7487856217616581;0:,,Predicted Class,,,0,1,TotalActual Class,0,9545,2955,12500,1,3251,9249,12500,Total,12796,12204,
0.005895958658646995;4.565928751579034E-5;0.754;0.7754163775156142;0.71512;0.7440486099550525;0:,,Predicted Class,,,0,1,TotalActual Class,0,9911,2589,12500,1,3561,8939,12500,Total,13472,11528,
0.008926228234079351;9.887804347542548E-4;0.5;0.0;0.0;0.0;0:,,Predicted Class,,,0,1,TotalActual Class,0,12500,0,12500,1,12500,0,12500,Total,25000,0,
0.006212032198576377;0.0010627705166651052;0.7402;0.8141018935035046;0.62256;0.7055623555011561;0:,,Predicted Class,,,0,1,TotalActual Class,0,10723,1777,12500,1,4718,7782,12500,Total,15441,9559,
0.004155636318563404;0.00626284849613661;0.71952;0.80625;0.57792;0.6732525629077353;0:,,Predicted Class,,,0,1,TotalActual Class,0,10764,1736,12500,1,5276,7224,12500,Total,16040,8960,
0.007672349000972394;0.0011220388975131774;0.55156;0.5654381155447253;0.44552;0.49836681730726207;0:,,Predicted Class,,,0,1,TotalActual Class,0,8220,4280,12500,1,6931,5569,12500,Total,15151,9849,
0.0017751223090681646;1.898487495265544E-4;0.75144;0.7355365707434053;0.7852;0.7595573440643864;0:,,Predicted Class,,,0,1,TotalActual Class,0,8971,3529,12500,1,2685,9815,12500,Total,11656,13344,
0.0020896042271019476;0.0028945784070814966;0.73624;0.7766017234919446;0.66328;0.7154815326199517;0:,,Predicted Class,,,0,1,TotalActual Class,0,10115,2385,12500,1,4209,8291,12500,Total,14324,10676,
0.0028989083546527026;0.002448306121483375;0.73728;0.781404174573055;0.65888;0.7149305555555555;0:,,Predicted Class,,,0,1,TotalActual Class,0,10196,2304,12500,1,4264,8236,12500,Total,14460,10540,
0.009109857624897267;2.8025060230121233E-4;0.73628;0.7677454446559695;0.67752;0.7198164123921635;0:,,Predicted Class,,,0,1,TotalActual Class,0,9938,2562,12500,1,4031,8469,12500,Total,13969,11031,
0.002084255938249476;7.600391283523515E-4;0.75052;0.7438673000545128;0.76416;0.7538771161359061;0:,,Predicted Class,,,0,1,TotalActual Class,0,9211,3289,12500,1,2948,9552,12500,Total,12159,12841,
0.0027368970364152704;2.8877156595868114E-5;0.74572;0.7268631361252678;0.78728;0.7558662006989515;0:,,Predicted Class,,,0,1,TotalActual Class,0,8802,3698,12500,1,2659,9841,12500,Total,11461,13539,
0.0038384047217282524;1.0319123146106277E-4;0.7594;0.7605882825685124;0.75712;0.7588501784067675;0:,,Predicted Class,,,0,1,TotalActual Class,0,9521,2979,12500,1,3036,9464,12500,Total,12557,12443,
0.005046678983792096;2.534704735534105E-4;0.75148;0.7606334466462151;0.73392;0.7470379870526445;0:,,Predicted Class,,,0,1,TotalActual Class,0,9613,2887,12500,1,3326,9174,12500,Total,12939,12061,
0.0077402075829414675;2.2323939876856894E-4;0.729;0.7504593577740835;0.68616;0.7168707426135651;0:,,Predicted Class,,,0,1,TotalActual Class,0,9648,2852,12500,1,3923,8577,12500,Total,13571,11429,
0.0011737901620045726;7.531453525437998E-4;0.74736;0.7491940683430045;0.74368;0.7464268508109844;0:,,Predicted Class,,,0,1,TotalActual Class,0,9388,3112,12500,1,3204,9296,12500,Total,12592,12408,
0.004310960304778012;0.004663759801445478;0.73044;0.777478084962913;0.64568;0.7054761592587736;0:,,Predicted Class,,,0,1,TotalActual Class,0,10190,2310,12500,1,4429,8071,12500,Total,14619,10381,
0.006653446679888302;3.9908005533586425E-5;0.75444;0.7440343742806721;0.77576;0.7595660517761328;0:,,Predicted Class,,,0,1,TotalActual Class,0,9164,3336,12500,1,2803,9697,12500,Total,11967,13033,
0.0039166738604264695;0.005175786325741252;0.72648;0.7988809121621622;0.60536;0.6887857272892772;0:,,Predicted Class,,,0,1,TotalActual Class,0,10595,1905,12500,1,4933,7567,12500,Total,15528,9472,
0.0014420023261690299;0.006423191474469976;0.71424;0.8031469323069957;0.5676;0.6651354645167339;0:,,Predicted Class,,,0,1,TotalActual Class,0,10761,1739,12500,1,5405,7095,12500,Total,16166,8834,
0.002373072725174012;0.0021483443590627586;0.74224;0.7654743117657373;0.69848;0.7304442399397639;0:,,Predicted Class,,,0,1,TotalActual Class,0,9825,2675,12500,1,3769,8731,12500,Total,13594,11406,
0.0034946864203859876;6.0647128301062934E-5;0.75044;0.7865970887118924;0.68736;0.7336378773000897;0:,,Predicted Class,,,0,1,TotalActual Class,0,10169,2331,12500,1,3908,8592,12500,Total,14077,10923,
0.0024600637558440963;3.297217823209516E-5;0.74636;0.7337381404174573;0.77336;0.7530282375851998;0:,,Predicted Class,,,0,1,TotalActual Class,0,8992,3508,12500,1,2833,9667,12500,Total,11825,13175,
0.0010229475657818653;9.812070229328375E-5;0.7468;0.7287218268090154;0.78632;0.7564260427889795;0:,,Predicted Class,,,0,1,TotalActual Class,0,8841,3659,12500,1,2671,9829,12500,Total,11512,13488,
0.0014285259943019445;0.004095671964778259;0.73472;0.7569176882661997;0.69152;0.7227424749163879;0:,,Predicted Class,,,0,1,TotalActual Class,0,9724,2776,12500,1,3856,8644,12500,Total,13580,11420,
0.0034557363518399878;0.008598373524097732;0.72236;0.7877627083549021;0.60872;0.6867638431337155;0:,,Predicted Class,,,0,1,TotalActual Class,0,10450,2050,12500,1,4891,7609,12500,Total,15341,9659,
0.002806112928448091;0.0012676719674219138;0.74772;0.7659537919780125;0.71344;0.7387648593795303;0:,,Predicted Class,,,0,1,TotalActual Class,0,9775,2725,12500,1,3582,8918,12500,Total,13357,11643,
0.002556871073228758;6.41428182930211E-5;0.75252;0.7444435839851312;0.76904;0.7565419273600126;0:,,Predicted Class,,,0,1,TotalActual Class,0,9200,3300,12500,1,2887,9613,12500,Total,12087,12913,
0.0017081514603219253;4.18670367540538E-5;0.75212;0.780807270783213;0.70104;0.7387767145807865;0:,,Predicted Class,,,0,1,TotalActual Class,0,10040,2460,12500,1,3737,8763,12500,Total,13777,11223,
0.0019431551663075634;1.4733365716261316E-5;0.7516;0.7537518153945457;0.74736;0.7505422993492408;0:,,Predicted Class,,,0,1,TotalActual Class,0,9448,3052,12500,1,3158,9342,12500,Total,12606,12394,
0.003763867601615726;4.6449530135318336E-5;0.74776;0.7287634805732014;0.78928;0.7578155004224596;0:,,Predicted Class,,,0,1,TotalActual Class,0,8828,3672,12500,1,2634,9866,12500,Total,11462,13538,
0.0054025100006157055;4.5310529306717324E-5;0.75072;0.7377484448490366;0.778;0.7573397710458687;0:,,Predicted Class,,,0,1,TotalActual Class,0,9043,3457,12500,1,2775,9725,12500,Total,11818,13182,
0.0038740970024508502;0.001528276823444085;0.74292;0.7912151146063106;0.66;0.7196754917782527;0:,,Predicted Class,,,0,1,TotalActual Class,0,10323,2177,12500,1,4250,8250,12500,Total,14573,10427,
0.005291619338730819;6.793565895841097E-5;0.75384;0.7404152144264282;0.78176;0.7605261109813992;0:,,Predicted Class,,,0,1,TotalActual Class,0,9074,3426,12500,1,2728,9772,12500,Total,11802,13198,
0.0013637142431965194;2.4060982305547778E-4;0.74768;0.756037049288786;0.73136;0.7434938191281718;0:,,Predicted Class,,,0,1,TotalActual Class,0,9550,2950,12500,1,3358,9142,12500,Total,12908,12092,
0.009932839963651761;7.758916301959022E-4;0.74448;0.7191309336010325;0.80232;0.7584511835438251;0:,,Predicted Class,,,0,1,TotalActual Class,0,8583,3917,12500,1,2471,10029,12500,Total,11054,13946,
0.0013491271520750638;0.0022031453652597275;0.74036;0.7705050868821464;0.68464;0.725039183293091;0:,,Predicted Class,,,0,1,TotalActual Class,0,9951,2549,12500,1,3942,8558,12500,Total,13893,11107,
0.0015198847392779741;0.006373835493177501;0.7144;0.8021420518602029;0.5692;0.6658867571361722;0:,,Predicted Class,,,0,1,TotalActual Class,0,10745,1755,12500,1,5385,7115,12500,Total,16130,8870,
0.0018022679698482436;0.009420716067587013;0.7156;0.7845228040540541;0.59448;0.676406335335882;0:,,Predicted Class,,,0,1,TotalActual Class,0,10459,2041,12500,1,5069,7431,12500,Total,15528,9472,
0.003640064188105917;2.616822050608506E-4;0.75408;0.7509878299351983;0.76024;0.7555855927486683;0:,,Predicted Class,,,0,1,TotalActual Class,0,9349,3151,12500,1,2997,9503,12500,Total,12346,12654,
0.0015407223200271972;0.0015003051993593031;0.74528;0.763855421686747;0.71008;0.7359867330016584;0:,,Predicted Class,,,0,1,TotalActual Class,0,9756,2744,12500,1,3624,8876,12500,Total,13380,11620,
0.005050419156205261;3.685471124284864E-5;0.74596;0.7721518987341772;0.69784;0.7331176198680507;0:,,Predicted Class,,,0,1,TotalActual Class,0,9926,2574,12500,1,3777,8723,12500,Total,13703,11297,
0.005049206310391396;7.987012128985299E-5;0.74984;0.7579712539236743;0.73408;0.745834349345688;0:,,Predicted Class,,,0,1,TotalActual Class,0,9570,2930,12500,1,3324,9176,12500,Total,12894,12106,
0.0034980297472019355;0.004299318686280944;0.74052;0.7705390083685774;0.68504;0.7252784483123702;0:,,Predicted Class,,,0,1,TotalActual Class,0,9950,2550,12500,1,3937,8563,12500,Total,13887,11113,
0.0016298581536407473;0.0026255913558715;0.73704;0.7712873100164805;0.67392;0.7193237127486978;0:,,Predicted Class,,,0,1,TotalActual Class,0,10002,2498,12500,1,4076,8424,12500,Total,14078,10922,
0.0027423192050020787;1.3494879662493692E-5;0.7498;0.7294437504592549;0.79416;0.760427438814202;0:,,Predicted Class,,,0,1,TotalActual Class,0,8818,3682,12500,1,2573,9927,12500,Total,11391,13609,
0.003215559131609799;0.0017938886511002913;0.74356;0.773859854277233;0.68824;0.7285429986873861;0:,,Predicted Class,,,0,1,TotalActual Class,0,9986,2514,12500,1,3897,8603,12500,Total,13883,11117,
0.008311654392400045;1.7141510375233335E-5;0.74732;0.7703068986622366;0.7048;0.7360989263483312;0:,,Predicted Class,,,0,1,TotalActual Class,0,9873,2627,12500,1,3690,8810,12500,Total,13563,11437,
0.0014768754364083642;0.0014942105746838263;0.743;0.7709392560877709;0.69144;0.7290287208468644;0:,,Predicted Class,,,0,1,TotalActual Class,0,9932,2568,12500,1,3857,8643,12500,Total,13789,11211,
0.001842054374393883;4.714559944212681E-4;0.74732;0.7353635325466311;0.77272;0.7535790910864053;0:,,Predicted Class,,,0,1,TotalActual Class,0,9024,3476,12500,1,2841,9659,12500,Total,11865,13135,
0.004506839235471655;1.345950532853877E-4;0.75116;0.745676500508647;0.76232;0.7539064045254955;0:,,Predicted Class,,,0,1,TotalActual Class,0,9250,3250,12500,1,2971,9529,12500,Total,12221,12779,
0.00136938492924616;4.848213033697816E-4;0.75052;0.749065457726875;0.75344;0.7512463606269691;0:,,Predicted Class,,,0,1,TotalActual Class,0,9345,3155,12500,1,3082,9418,12500,Total,12427,12573,
0.0013749988922607402;7.873327550192511E-4;0.74768;0.7535211267605634;0.73616;0.7447393978633862;0:,,Predicted Class,,,0,1,TotalActual Class,0,9490,3010,12500,1,3298,9202,12500,Total,12788,12212,
0.007488504256495764;1.748381289057157E-4;0.74224;0.7447066429610474;0.7372;0.7409343089169412;0:,,Predicted Class,,,0,1,TotalActual Class,0,9341,3159,12500,1,3285,9215,12500,Total,12626,12374,
0.005626171220576779;1.5244948276378861E-5;0.7428;0.7211776708934557;0.79168;0.7547860575089619;0:,,Predicted Class,,,0,1,TotalActual Class,0,8674,3826,12500,1,2604,9896,12500,Total,11278,13722,
0.0063207093201246576;8.79774480608906E-5;0.75308;0.7896182367481461;0.69;0.7364556205439098;0:,,Predicted Class,,,0,1,TotalActual Class,0,10202,2298,12500,1,3875,8625,12500,Total,14077,10923,
0.0021149542994284357;6.472855066032568E-4;0.747;0.7262733602052034;0.7928;0.7580799388028303;0:,,Predicted Class,,,0,1,TotalActual Class,0,8765,3735,12500,1,2590,9910,12500,Total,11355,13645,
0.0016876657138906435;0.0027474411815577087;0.7324;0.7920184961801368;0.63032;0.7019779044903777;0:,,Predicted Class,,,0,1,TotalActual Class,0,10431,2069,12500,1,4621,7879,12500,Total,15052,9948,
0.003999001459942935;3.527402500113913E-4;0.7568;0.7592472944596995;0.75208;0.7556466521983765;0:,,Predicted Class,,,0,1,TotalActual Class,0,9519,2981,12500,1,3099,9401,12500,Total,12618,12382,
0.004953437377077341;2.3005885785245883E-4;0.75508;0.7396827783206795;0.7872;0.7627020113940239;0:,,Predicted Class,,,0,1,TotalActual Class,0,9037,3463,12500,1,2660,9840,12500,Total,11697,13303,
0.0027812161181303913;4.42574307940679E-5;0.74472;0.7325881995133819;0.7708;0.7512084827693747;0:,,Predicted Class,,,0,1,TotalActual Class,0,8983,3517,12500,1,2865,9635,12500,Total,11848,13152,
0.0013753633123653262;1.208129583298951E-5;0.75316;0.7568379190000811;0.746;0.751379879940373;0:,,Predicted Class,,,0,1,TotalActual Class,0,9504,2996,12500,1,3175,9325,12500,Total,12679,12321,
0.003936689297947402;1.2170021329873102E-4;0.74868;0.7817967546006709;0.68992;0.732990523139688;0:,,Predicted Class,,,0,1,TotalActual Class,0,10093,2407,12500,1,3876,8624,12500,Total,13969,11031,
0.003890974951502835;0.0011202834045243599;0.7524;0.773728960610793;0.71344;0.7423624406892533;0:,,Predicted Class,,,0,1,TotalActual Class,0,9892,2608,12500,1,3582,8918,12500,Total,13474,11526,
0.003188507478800946;0.0034867900589976328;0.72984;0.7995828988529718;0.61344;0.6942507922136714;0:,,Predicted Class,,,0,1,TotalActual Class,0,10578,1922,12500,1,4832,7668,12500,Total,15410,9590,
0.003905012808350098;1.19231063737968E-4;0.75096;0.7296149904845557;0.79744;0.7620212521978442;0:,,Predicted Class,,,0,1,TotalActual Class,0,8806,3694,12500,1,2532,9968,12500,Total,11338,13662,
0.005053380679188142;0.0023618357150403052;0.74616;0.7699596420424636;0.70208;0.7344547660892123;0:,,Predicted Class,,,0,1,TotalActual Class,0,9878,2622,12500,1,3724,8776,12500,Total,13602,11398,
0.0019361581225277277;6.49153098969174E-4;0.749;0.7407006418683784;0.76624;0.7532539027171562;0:,,Predicted Class,,,0,1,TotalActual Class,0,9147,3353,12500,1,2922,9578,12500,Total,12069,12931,
0.0020754960180795097;2.3400503964636428E-4;0.75328;0.7466884837151316;0.76664;0.7565327228230836;0:,,Predicted Class,,,0,1,TotalActual Class,0,9249,3251,12500,1,2917,9583,12500,Total,12166,12834,
0.0034949791644147393;1.4122845874412176E-4;0.75144;0.7401803454073055;0.77488;0.7571328070038302;0:,,Predicted Class,,,0,1,TotalActual Class,0,9100,3400,12500,1,2814,9686,12500,Total,11914,13086,
0.0031872646344016475;0.005173724799857961;0.73292;0.7817126269956458;0.64632;0.7075979855485001;0:,,Predicted Class,,,0,1,TotalActual Class,0,10244,2256,12500,1,4421,8079,12500,Total,14665,10335,
0.001130211729601805;1.8786430799746566E-5;0.75196;0.777317953684952;0.70624;0.7400762878819633;0:,,Predicted Class,,,0,1,TotalActual Class,0,9971,2529,12500,1,3672,8828,12500,Total,13643,11357,
0.001508555503035626;0.0012844591380702416;0.74528;0.7335110434120335;0.77048;0.7515411626999611;0:,,Predicted Class,,,0,1,TotalActual Class,0,9001,3499,12500,1,2869,9631,12500,Total,11870,13130,
0.0016041501875327805;2.3774400768869773E-4;0.74876;0.7241727344820128;0.8036;0.7618216980774336;0:,,Predicted Class,,,0,1,TotalActual Class,0,8674,3826,12500,1,2455,10045,12500,Total,11129,13871,
0.009730757916106494;5.0205275551914725E-5;0.74852;0.7519669072917512;0.74168;0.7467880301260623;0:,,Predicted Class,,,0,1,TotalActual Class,0,9442,3058,12500,1,3229,9271,12500,Total,12671,12329,
0.0013737479793391614;0.002699033006049332;0.73736;0.7791157102539982;0.66256;0.716126242974492;0:,,Predicted Class,,,0,1,TotalActual Class,0,10152,2348,12500,1,4218,8282,12500,Total,14370,10630,
0.006399387646994885;0.002256022994209774;0.74692;0.7721541310290098;0.70056;0.7346168365420913;0:,,Predicted Class,,,0,1,TotalActual Class,0,9916,2584,12500,1,3743,8757,12500,Total,13659,11341,
0.00537274501094307;7.787099435444473E-5;0.74592;0.7282447282447282;0.78464;0.7553912507701787;0:,,Predicted Class,,,0,1,TotalActual Class,0,8840,3660,12500,1,2692,9808,12500,Total,11532,13468,
0.002382841722920801;0.00724203796289573;0.70584;0.8221888304532933;0.52528;0.6410231377526115;0:,,Predicted Class,,,0,1,TotalActual Class,0,11080,1420,12500,1,5934,6566,12500,Total,17014,7986,
0.0010986074416769092;5.210023740140873E-4;0.74716;0.7449845373086987;0.7516;0.7482776472462268;0:,,Predicted Class,,,0,1,TotalActual Class,0,9284,3216,12500,1,3105,9395,12500,Total,12389,12611,
0.0019811777048724874;0.0016472115162464245;0.74532;0.755010395010395;0.72632;0.7403873598369012;0:,,Predicted Class,,,0,1,TotalActual Class,0,9554,2946,12500,1,3421,9079,12500,Total,12975,12025,
0.001312532241489485;8.148924410146576E-4;0.7452;0.7455929487179487;0.7444;0.7449959967974379;0:,,Predicted Class,,,0,1,TotalActual Class,0,9325,3175,12500,1,3195,9305,12500,Total,12520,12480,
0.0013127550796976034;3.125850694700831E-5;0.75464;0.7633625682607976;0.73808;0.7505084194256895;0:,,Predicted Class,,,0,1,TotalActual Class,0,9640,2860,12500,1,3274,9226,12500,Total,12914,12086,
0.00173843774520771;0.004531469430154651;0.72376;0.7897845006216329;0.60984;0.6882448537378116;0:,,Predicted Class,,,0,1,TotalActual Class,0,10471,2029,12500,1,4877,7623,12500,Total,15348,9652,
0.0010151538096093706;2.5897902178908036E-5;0.74828;0.7298037763791189;0.78848;0.7580080753701212;0:,,Predicted Class,,,0,1,TotalActual Class,0,8851,3649,12500,1,2644,9856,12500,Total,11495,13505,
0.00587149798249964;5.470408223689117E-5;0.74712;0.76666091160221;0.71048;0.7375020760670984;0:,,Predicted Class,,,0,1,TotalActual Class,0,9797,2703,12500,1,3619,8881,12500,Total,13416,11584,
0.005710347396500671;1.1337460111929953E-5;0.74204;0.72894438138479;0.77064;0.7492125218743924;0:,,Predicted Class,,,0,1,TotalActual Class,0,8918,3582,12500,1,2867,9633,12500,Total,11785,13215,
